{
  "resourceType": "ImplementationGuide",
  "id": "fhir.odilab",
  "url": "http://fhir.odilab.de/ImplementationGuide/fhir.odilab",
  "version": "0.1.0",
  "name": "eVOs",
  "title": "eVerordnung für Hilfs- und Heilmittel",
  "status": "draft",
  "publisher": "odilab",
  "contact": [
    {
      "name": "odilab",
      "telecom": [
        {
          "system": "url",
          "value": "http://fhir.odilab.de/odilab-publisher"
        }
      ]
    }
  ],
  "description": "Umsetzung des elektronischen Rezepts für den Hilfs- und Heilmittel-Bereich",
  "packageId": "fhir.odilab",
  "fhirVersion": [
    "4.0.1"
  ],
  "dependsOn": [
    {
      "packageId": "kbv.basis",
      "version": "1.3.0",
      "uri": "http://fhir.org/packages/kbv.basis/ImplementationGuide/kbv.basis",
      "id": "kbv_basis"
    },
    {
      "packageId": "kbv.ita.erp",
      "version": "1.1.2",
      "uri": "http://fhir.org/packages/kbv.ita.erp/ImplementationGuide/kbv.ita.erp",
      "id": "kbv_ita_erp"
    },
    {
      "packageId": "de.basisprofil.r4",
      "version": "1.4.0",
      "uri": "http://fhir.org/packages/de.basisprofil.r4/ImplementationGuide/de.basisprofil.r4",
      "id": "de_basisprofil_r4"
    },
    {
      "packageId": "hl7.fhir.r4.core",
      "version": "4.0.1",
      "uri": "http://hl7.org/fhir",
      "id": "hl7_fhir_r4_core"
    },
    {
      "packageId": "kbv.ita.for",
      "version": "1.1.0",
      "uri": "http://fhir.org/packages/kbv.ita.for/ImplementationGuide/kbv.ita.for",
      "id": "kbv_ita_for"
    },
    {
      "packageId": "de.gematik.erezept-workflow.r4",
      "version": "1.2.2",
      "uri": "http://fhir.org/packages/de.gematik.erezept-workflow.r4/ImplementationGuide/de.gematik.erezept-workflow.r4",
      "id": "de_gematik_erezept_workflow_r4"
    },
    {
      "packageId": "de.gevko.evo.hlm",
      "version": "1.3.0",
      "uri": "http://fhir.org/packages/de.gevko.evo.hlm/ImplementationGuide/de.gevko.evo.hlm",
      "id": "de_gevko_evo_hlm"
    }
  ],
  "definition": {
    "resource": [
      {
        "reference": {
          "reference": "CarePlan/BeispielHKPVerordnung"
        },
        "name": "Beispiel HKPR Verordnung",
        "description": "Beispiel für eine Verordnung häuslicher Krankenpflege",
        "exampleCanonical": "http://fhir.odilab.de/StructureDefinition/odil-careplan"
      },
      {
        "reference": {
          "reference": "Composition/416b7bc3-7483-46ba-bc67-306bf671c569"
        },
        "name": "CompositionHiMi",
        "description": "Ein Dokument, das eine Verordnung für ein Hörgerät enthält.",
        "exampleCanonical": "http://fhir.odilab.de/StructureDefinition/Odil-CompositionHiMi"
      },
      {
        "reference": {
          "reference": "Coverage/416b7bc3-7483-46ba-bc67-306bf671c569"
        },
        "name": "Coverage_Example",
        "description": "Ein Beispiel für ein Krankenversicherungsverhältnis.",
        "exampleBoolean": true
      },
      {
        "reference": {
          "reference": "CodeSystem/code-system-himi-heimi-formular-art"
        },
        "name": "CS_HIMI_HEIMI_FORMULAR_ART",
        "description": "Ein Code-System für zusätzliche Codes, die nicht im KBV Code-System enthalten sind",
        "exampleBoolean": false
      },
      {
        "reference": {
          "reference": "StructureDefinition/sonstige-massnahmen-details"
        },
        "name": "Details zu sonstigen Maßnahmen",
        "exampleBoolean": false
      },
      {
        "reference": {
          "reference": "StructureDefinition/blutzuckermessung-details"
        },
        "name": "Details zur Blutzuckermessung",
        "exampleBoolean": false
      },
      {
        "reference": {
          "reference": "StructureDefinition/kompressionsbehandlung-details"
        },
        "name": "Details zur Kompressionsbehandlung",
        "exampleBoolean": false
      },
      {
        "reference": {
          "reference": "StructureDefinition/medikamentengabe-details"
        },
        "name": "Details zur Medikamentengabe",
        "exampleBoolean": false
      },
      {
        "reference": {
          "reference": "StructureDefinition/wundversorgung-details"
        },
        "name": "Details zur Wundversorgung",
        "exampleBoolean": false
      },
      {
        "reference": {
          "reference": "StructureDefinition/einschraenkungen"
        },
        "name": "Einschränkungen",
        "description": "Einschränkungen, die häusliche Krankenpflege erforderlich machen",
        "exampleBoolean": false
      },
      {
        "reference": {
          "reference": "StructureDefinition/erstverordnung"
        },
        "name": "Erstverordnung",
        "description": "Kennzeichnung für Erstverordnung",
        "exampleBoolean": false
      },
      {
        "reference": {
          "reference": "StructureDefinition/folgeverordnung"
        },
        "name": "Folgeverordnung",
        "description": "Kennzeichnung für Folgeverordnung",
        "exampleBoolean": false
      },
      {
        "reference": {
          "reference": "StructureDefinition/Folgeversorgung"
        },
        "name": "Folgeversorgung",
        "description": "Kennzeichnung, ob der Versicherte bereits ein gleichartiges Hilfsmittel besitzt",
        "exampleBoolean": false
      },
      {
        "reference": {
          "reference": "Bundle/HiMiBundle"
        },
        "name": "HiMiBundle",
        "description": "Ein Bundle, das eine Verordnung für ein Hörgerät enthält.",
        "exampleCanonical": "http://fhir.odilab.de/StructureDefinition/ODIL-Bundle"
      },
      {
        "reference": {
          "reference": "ValueSet/hkp-massnahmen"
        },
        "name": "HKP-Maßnahmen",
        "description": "ValueSet für Maßnahmen der häuslichen Krankenpflege",
        "exampleBoolean": false
      },
      {
        "reference": {
          "reference": "CodeSystem/icd-10-gm"
        },
        "name": "ICD-10-GM",
        "description": "Hier werden die von uns eingetragenen icd-10-gm codes eingepflegt bis das http://fhir.de/CodeSystem/bfarm/icd-10-gm endlich die offizielen codes anbietet",
        "exampleBoolean": false
      },
      {
        "reference": {
          "reference": "ValueSet/valueSet-icd-10-gm"
        },
        "name": "ICD10GM",
        "description": "Dieses ValueSet enthält die von uns eingetragenen icd-10-gm codes bis das http://fhir.de/CodeSystem/bfarm/icd-10-gm endlich die offizielen codes anbietet und man http://fhir.de/ValueSet/bfarm/icd-10-gm verwenden kann",
        "exampleBoolean": false
      },
      {
        "reference": {
          "reference": "StructureDefinition/KBV-EX-ERP-BVG-ODIL"
        },
        "name": "KBV_EX_ERP_BVG_ODIL",
        "description": "(wird nur eingesetzt da KBV-EX-ERP-BVG nur für den MedicaionRequest zugelassen ist) \n\nKennzeichnung, ob diese Verordnung für Anspruchsberechtigte nach dem Bundesentschädigungsgesetz (BEG) oder für Anspruchsberechtigte nach dem Bundesversorgungsgesetz (BVG) erfolgt  \n\nfalse - kein BVG (Standardwert)\ntrue - BVG",
        "exampleBoolean": false
      },
      {
        "reference": {
          "reference": "StructureDefinition/odil-careplan"
        },
        "name": "ODIL CarePlan",
        "description": "Dieses Profil repräsentiert die Verordnung häuslicher Krankenpflege basierend auf dem Muster 12.",
        "exampleBoolean": false
      },
      {
        "reference": {
          "reference": "StructureDefinition/ODIL-Bundle"
        },
        "name": "ODIL eVerordnungs Bundle",
        "description": "Dieses Profil repräsentiert die Verordnung von Hilfsmitteln basierend auf dem Muster 12.",
        "exampleBoolean": false
      },
      {
        "reference": {
          "reference": "Bundle/ODIL-Bundle"
        },
        "name": "ODIL-Bundle",
        "description": "Ein Bundle, das eine Verordnung für ein Hörgerät enthält.",
        "exampleCanonical": "http://fhir.odilab.de/StructureDefinition/ODIL-Bundle"
      },
      {
        "reference": {
          "reference": "Bundle/ODIL-Bundle-CarePlan"
        },
        "name": "ODIL-Bundle-CarePlan",
        "description": "Ein Bundle, das eine Verordnung für ein Hörgerät enthält.",
        "exampleCanonical": "http://fhir.odilab.de/StructureDefinition/ODIL-Bundle"
      },
      {
        "reference": {
          "reference": "Composition/Odil-Composition-CarePlan"
        },
        "name": "Odil-Composition-CarePlan",
        "description": "Ein Dokument, das eine Verordnung für häusliche Krankenpflege enthält.",
        "exampleCanonical": "http://fhir.odilab.de/StructureDefinition/Odil-CompositionHiMi"
      },
      {
        "reference": {
          "reference": "Composition/Odil-Composition"
        },
        "name": "Odil-CompositionHiMi",
        "description": "Ein Dokument, das eine Verordnung für ein Hörgerät enthält.",
        "exampleCanonical": "http://fhir.odilab.de/StructureDefinition/Odil-CompositionHiMi"
      },
      {
        "reference": {
          "reference": "StructureDefinition/Odil-CompositionHiMi"
        },
        "name": "ODIL_Composition",
        "exampleBoolean": false
      },
      {
        "reference": {
          "reference": "Organization/416b7bc3-7483-46ba-bc67-306bf671c569"
        },
        "name": "Organization_Example",
        "description": "Ein Beispiel für eine Organisation.",
        "exampleBoolean": true
      },
      {
        "reference": {
          "reference": "Patient/416b7bc3-7483-46ba-bc67-306bf671c569"
        },
        "name": "Patient_Example",
        "description": "Ein Beispiel für einen Patienten.",
        "exampleBoolean": true
      },
      {
        "reference": {
          "reference": "Practitioner/416b7bc3-7483-46ba-bc67-306bf671c569"
        },
        "name": "Practitioner_Example",
        "description": "Ein Beispiel für einen Arzt.",
        "exampleBoolean": true
      },
      {
        "reference": {
          "reference": "StructureDefinition/PrescriptionDevice"
        },
        "name": "PrescriptionDevice",
        "description": "Ein Rezept für eine Hilfsmit.",
        "exampleBoolean": false
      },
      {
        "reference": {
          "reference": "DeviceRequest/416b7bc3-7483-46ba-bc67-306bf671c569"
        },
        "name": "PrescriptionDevice Hörgerät",
        "description": "Eine Verordnung für ein Hörgerät.",
        "exampleCanonical": "http://fhir.odilab.de/StructureDefinition/PrescriptionDevice"
      },
      {
        "reference": {
          "reference": "StructureDefinition/ser"
        },
        "name": "SER",
        "description": "Kennzeichnung für SER",
        "exampleBoolean": false
      },
      {
        "reference": {
          "reference": "StructureDefinition/unfall"
        },
        "name": "Unfall",
        "description": "Kennzeichnung für Unfall",
        "exampleBoolean": false
      },
      {
        "reference": {
          "reference": "StructureDefinition/Unfallinformation"
        },
        "name": "Unfallinformation",
        "description": "Abbildung der Unfallinformationen zu einer Verordnung",
        "exampleBoolean": false
      },
      {
        "reference": {
          "reference": "ValueSet/VS-HIMI-HEIMI-KBV-FORMULAR-ART"
        },
        "name": "VS_HIMI_HEIMI_KBV_FORMULAR_ART",
        "description": "Ein ValueSet, das sowohl ausgewählte Codes aus dem KBV Code-System als auch zusätzliche eigene Codes umfasst",
        "exampleBoolean": false
      }
    ],
    "page": {
      "nameUrl": "toc.html",
      "title": "Table of Contents",
      "generation": "html",
      "page": []
    },
    "parameter": [
      {
        "code": "copyrightyear",
        "value": "2024+"
      },
      {
        "code": "releaselabel",
        "value": "ci-build"
      }
    ]
  }
}
