{
  "resourceType": "Patient",
  "id": "416b7bc3-7483-46ba-bc67-306bf671c569",
  "meta": {
    "profile": [
      "https://fhir.kbv.de/StructureDefinition/KBV_PR_FOR_Patient|1.1.0"
    ]
  },
  "identifier": [
    {
      "type": {
        "coding": [
          {
            "system": "http://fhir.de/CodeSystem/identifier-type-de-basis",
            "code": "GKV"
          }
        ]
      },
      "system": "http://fhir.de/sid/gkv/kvid-10",
      "value": "X123456789"
    }
  ],
  "name": [
    {
      "given": [
        "Erika"
      ],
      "use": "official",
      "family": "Musterfrau",
      "_family": {
        "extension": [
          {
            "url": "http://hl7.org/fhir/StructureDefinition/humanname-own-name",
            "valueString": "Musterfrau"
          }
        ]
      }
    }
  ],
  "address": [
    {
      "line": [
        "Musterstrasse 1"
      ],
      "_line": [
        {
          "extension": [
            {
              "url": "http://hl7.org/fhir/StructureDefinition/iso21090-ADXP-streetName",
              "valueString": "Musterstrasse"
            },
            {
              "url": "http://hl7.org/fhir/StructureDefinition/iso21090-ADXP-houseNumber",
              "valueString": "1"
            }
          ]
        }
      ],
      "type": "both",
      "city": "Musterstadt",
      "postalCode": "12345",
      "country": "D"
    }
  ],
  "birthDate": "2002-02-02"
}
